{
  "success": true,
  "response": {
    "alpha_a": 200,
    "alpha_b": 300,
    "delta": 0.25,
    "lift_range": [-0.498,-0.497,-0.496,-0.495,-0.494],
    "prob_a_better": 0,
    "prob_b_better": 1,
    "probabilities": [1,1,1,1,1],
    "vol_a": 400,
    "vol_b": 400,
    "x": [0,0.001001001001001001,0.002002002002002002,0.003003003003003003,0.004004004004004004],
    "ya": [0,0,0,0,0],
    "yb": [0,0,0,0,0]
  }
}
